stem,og_webp,red_webp,label_path,width,height,n_boxes,normalize
Image_5187,/workspace/pico-algae/data/processed/dataset_2048x1500_webp/images_og/Image_5187.webp,/workspace/pico-algae/data/processed/dataset_2048x1500_webp/images_red/Image_5187.webp,/workspace/pico-algae/data/processed/dataset_2048x1500_webp/labels/Image_5187.txt,2048,1500,28,img_float = img_uint8/255.0
Image_5191,/workspace/pico-algae/data/processed/dataset_2048x1500_webp/images_og/Image_5191.webp,/workspace/pico-algae/data/processed/dataset_2048x1500_webp/images_red/Image_5191.webp,/workspace/pico-algae/data/processed/dataset_2048x1500_webp/labels/Image_5191.txt,2048,1500,29,img_float = img_uint8/255.0
Image_5193,/workspace/pico-algae/data/processed/dataset_2048x1500_webp/images_og/Image_5193.webp,/workspace/pico-algae/data/processed/dataset_2048x1500_webp/images_red/Image_5193.webp,/workspace/pico-algae/data/processed/dataset_2048x1500_webp/labels/Image_5193.txt,2048,1500,50,img_float = img_uint8/255.0
Image_5195,/workspace/pico-algae/data/processed/dataset_2048x1500_webp/images_og/Image_5195.webp,/workspace/pico-algae/data/processed/dataset_2048x1500_webp/images_red/Image_5195.webp,/workspace/pico-algae/data/processed/dataset_2048x1500_webp/labels/Image_5195.txt,2048,1500,49,img_float = img_uint8/255.0
Image_5197,/workspace/pico-algae/data/processed/dataset_2048x1500_webp/images_og/Image_5197.webp,/workspace/pico-algae/data/processed/dataset_2048x1500_webp/images_red/Image_5197.webp,/workspace/pico-algae/data/processed/dataset_2048x1500_webp/labels/Image_5197.txt,2048,1500,54,img_float = img_uint8/255.0
Image_5199,/workspace/pico-algae/data/processed/dataset_2048x1500_webp/images_og/Image_5199.webp,/workspace/pico-algae/data/processed/dataset_2048x1500_webp/images_red/Image_5199.webp,/workspace/pico-algae/data/processed/dataset_2048x1500_webp/labels/Image_5199.txt,2048,1500,36,img_float = img_uint8/255.0
Image_5201,/workspace/pico-algae/data/processed/dataset_2048x1500_webp/images_og/Image_5201.webp,/workspace/pico-algae/data/processed/dataset_2048x1500_webp/images_red/Image_5201.webp,/workspace/pico-algae/data/processed/dataset_2048x1500_webp/labels/Image_5201.txt,2048,1500,22,img_float = img_uint8/255.0
Image_5203,/workspace/pico-algae/data/processed/dataset_2048x1500_webp/images_og/Image_5203.webp,/workspace/pico-algae/data/processed/dataset_2048x1500_webp/images_red/Image_5203.webp,/workspace/pico-algae/data/processed/dataset_2048x1500_webp/labels/Image_5203.txt,2048,1500,55,img_float = img_uint8/255.0
Image_5365,/workspace/pico-algae/data/processed/dataset_2048x1500_webp/images_og/Image_5365.webp,/workspace/pico-algae/data/processed/dataset_2048x1500_webp/images_red/Image_5365.webp,/workspace/pico-algae/data/processed/dataset_2048x1500_webp/labels/Image_5365.txt,2048,1500,59,img_float = img_uint8/255.0
Image_5367,/workspace/pico-algae/data/processed/dataset_2048x1500_webp/images_og/Image_5367.webp,/workspace/pico-algae/data/processed/dataset_2048x1500_webp/images_red/Image_5367.webp,/workspace/pico-algae/data/processed/dataset_2048x1500_webp/labels/Image_5367.txt,2048,1500,30,img_float = img_uint8/255.0
Image_5369,/workspace/pico-algae/data/processed/dataset_2048x1500_webp/images_og/Image_5369.webp,/workspace/pico-algae/data/processed/dataset_2048x1500_webp/images_red/Image_5369.webp,/workspace/pico-algae/data/processed/dataset_2048x1500_webp/labels/Image_5369.txt,2048,1500,65,img_float = img_uint8/255.0
Image_5371,/workspace/pico-algae/data/processed/dataset_2048x1500_webp/images_og/Image_5371.webp,/workspace/pico-algae/data/processed/dataset_2048x1500_webp/images_red/Image_5371.webp,/workspace/pico-algae/data/processed/dataset_2048x1500_webp/labels/Image_5371.txt,2048,1500,57,img_float = img_uint8/255.0
Image_5373,/workspace/pico-algae/data/processed/dataset_2048x1500_webp/images_og/Image_5373.webp,/workspace/pico-algae/data/processed/dataset_2048x1500_webp/images_red/Image_5373.webp,/workspace/pico-algae/data/processed/dataset_2048x1500_webp/labels/Image_5373.txt,2048,1500,44,img_float = img_uint8/255.0
Image_5375,/workspace/pico-algae/data/processed/dataset_2048x1500_webp/images_og/Image_5375.webp,/workspace/pico-algae/data/processed/dataset_2048x1500_webp/images_red/Image_5375.webp,/workspace/pico-algae/data/processed/dataset_2048x1500_webp/labels/Image_5375.txt,2048,1500,55,img_float = img_uint8/255.0
Image_5377,/workspace/pico-algae/data/processed/dataset_2048x1500_webp/images_og/Image_5377.webp,/workspace/pico-algae/data/processed/dataset_2048x1500_webp/images_red/Image_5377.webp,/workspace/pico-algae/data/processed/dataset_2048x1500_webp/labels/Image_5377.txt,2048,1500,47,img_float = img_uint8/255.0
Image_5379,/workspace/pico-algae/data/processed/dataset_2048x1500_webp/images_og/Image_5379.webp,/workspace/pico-algae/data/processed/dataset_2048x1500_webp/images_red/Image_5379.webp,/workspace/pico-algae/data/processed/dataset_2048x1500_webp/labels/Image_5379.txt,2048,1500,60,img_float = img_uint8/255.0
Image_5381,/workspace/pico-algae/data/processed/dataset_2048x1500_webp/images_og/Image_5381.webp,/workspace/pico-algae/data/processed/dataset_2048x1500_webp/images_red/Image_5381.webp,/workspace/pico-algae/data/processed/dataset_2048x1500_webp/labels/Image_5381.txt,2048,1500,61,img_float = img_uint8/255.0
Image_5383,/workspace/pico-algae/data/processed/dataset_2048x1500_webp/images_og/Image_5383.webp,/workspace/pico-algae/data/processed/dataset_2048x1500_webp/images_red/Image_5383.webp,/workspace/pico-algae/data/processed/dataset_2048x1500_webp/labels/Image_5383.txt,2048,1500,30,img_float = img_uint8/255.0
Image_5385,/workspace/pico-algae/data/processed/dataset_2048x1500_webp/images_og/Image_5385.webp,/workspace/pico-algae/data/processed/dataset_2048x1500_webp/images_red/Image_5385.webp,/workspace/pico-algae/data/processed/dataset_2048x1500_webp/labels/Image_5385.txt,2048,1500,35,img_float = img_uint8/255.0
Image_5387,/workspace/pico-algae/data/processed/dataset_2048x1500_webp/images_og/Image_5387.webp,/workspace/pico-algae/data/processed/dataset_2048x1500_webp/images_red/Image_5387.webp,/workspace/pico-algae/data/processed/dataset_2048x1500_webp/labels/Image_5387.txt,2048,1500,32,img_float = img_uint8/255.0
Image_5389,/workspace/pico-algae/data/processed/dataset_2048x1500_webp/images_og/Image_5389.webp,/workspace/pico-algae/data/processed/dataset_2048x1500_webp/images_red/Image_5389.webp,/workspace/pico-algae/data/processed/dataset_2048x1500_webp/labels/Image_5389.txt,2048,1500,29,img_float = img_uint8/255.0
Image_5391,/workspace/pico-algae/data/processed/dataset_2048x1500_webp/images_og/Image_5391.webp,/workspace/pico-algae/data/processed/dataset_2048x1500_webp/images_red/Image_5391.webp,/workspace/pico-algae/data/processed/dataset_2048x1500_webp/labels/Image_5391.txt,2048,1500,24,img_float = img_uint8/255.0
Image_5393,/workspace/pico-algae/data/processed/dataset_2048x1500_webp/images_og/Image_5393.webp,/workspace/pico-algae/data/processed/dataset_2048x1500_webp/images_red/Image_5393.webp,/workspace/pico-algae/data/processed/dataset_2048x1500_webp/labels/Image_5393.txt,2048,1500,29,img_float = img_uint8/255.0
Image_5395,/workspace/pico-algae/data/processed/dataset_2048x1500_webp/images_og/Image_5395.webp,/workspace/pico-algae/data/processed/dataset_2048x1500_webp/images_red/Image_5395.webp,/workspace/pico-algae/data/processed/dataset_2048x1500_webp/labels/Image_5395.txt,2048,1500,32,img_float = img_uint8/255.0
Image_5397,/workspace/pico-algae/data/processed/dataset_2048x1500_webp/images_og/Image_5397.webp,/workspace/pico-algae/data/processed/dataset_2048x1500_webp/images_red/Image_5397.webp,/workspace/pico-algae/data/processed/dataset_2048x1500_webp/labels/Image_5397.txt,2048,1500,33,img_float = img_uint8/255.0
Image_5399,/workspace/pico-algae/data/processed/dataset_2048x1500_webp/images_og/Image_5399.webp,/workspace/pico-algae/data/processed/dataset_2048x1500_webp/images_red/Image_5399.webp,/workspace/pico-algae/data/processed/dataset_2048x1500_webp/labels/Image_5399.txt,2048,1500,21,img_float = img_uint8/255.0
Image_5401,/workspace/pico-algae/data/processed/dataset_2048x1500_webp/images_og/Image_5401.webp,/workspace/pico-algae/data/processed/dataset_2048x1500_webp/images_red/Image_5401.webp,/workspace/pico-algae/data/processed/dataset_2048x1500_webp/labels/Image_5401.txt,2048,1500,24,img_float = img_uint8/255.0
Image_5403,/workspace/pico-algae/data/processed/dataset_2048x1500_webp/images_og/Image_5403.webp,/workspace/pico-algae/data/processed/dataset_2048x1500_webp/images_red/Image_5403.webp,/workspace/pico-algae/data/processed/dataset_2048x1500_webp/labels/Image_5403.txt,2048,1500,32,img_float = img_uint8/255.0
Image_5405,/workspace/pico-algae/data/processed/dataset_2048x1500_webp/images_og/Image_5405.webp,/workspace/pico-algae/data/processed/dataset_2048x1500_webp/images_red/Image_5405.webp,/workspace/pico-algae/data/processed/dataset_2048x1500_webp/labels/Image_5405.txt,2048,1500,26,img_float = img_uint8/255.0
Image_5407,/workspace/pico-algae/data/processed/dataset_2048x1500_webp/images_og/Image_5407.webp,/workspace/pico-algae/data/processed/dataset_2048x1500_webp/images_red/Image_5407.webp,/workspace/pico-algae/data/processed/dataset_2048x1500_webp/labels/Image_5407.txt,2048,1500,18,img_float = img_uint8/255.0
Image_5409,/workspace/pico-algae/data/processed/dataset_2048x1500_webp/images_og/Image_5409.webp,/workspace/pico-algae/data/processed/dataset_2048x1500_webp/images_red/Image_5409.webp,/workspace/pico-algae/data/processed/dataset_2048x1500_webp/labels/Image_5409.txt,2048,1500,206,img_float = img_uint8/255.0
Image_5411,/workspace/pico-algae/data/processed/dataset_2048x1500_webp/images_og/Image_5411.webp,/workspace/pico-algae/data/processed/dataset_2048x1500_webp/images_red/Image_5411.webp,/workspace/pico-algae/data/processed/dataset_2048x1500_webp/labels/Image_5411.txt,2048,1500,220,img_float = img_uint8/255.0
Image_5413,/workspace/pico-algae/data/processed/dataset_2048x1500_webp/images_og/Image_5413.webp,/workspace/pico-algae/data/processed/dataset_2048x1500_webp/images_red/Image_5413.webp,/workspace/pico-algae/data/processed/dataset_2048x1500_webp/labels/Image_5413.txt,2048,1500,66,img_float = img_uint8/255.0
Image_5415,/workspace/pico-algae/data/processed/dataset_2048x1500_webp/images_og/Image_5415.webp,/workspace/pico-algae/data/processed/dataset_2048x1500_webp/images_red/Image_5415.webp,/workspace/pico-algae/data/processed/dataset_2048x1500_webp/labels/Image_5415.txt,2048,1500,43,img_float = img_uint8/255.0
Image_5417,/workspace/pico-algae/data/processed/dataset_2048x1500_webp/images_og/Image_5417.webp,/workspace/pico-algae/data/processed/dataset_2048x1500_webp/images_red/Image_5417.webp,/workspace/pico-algae/data/processed/dataset_2048x1500_webp/labels/Image_5417.txt,2048,1500,73,img_float = img_uint8/255.0
Image_5419,/workspace/pico-algae/data/processed/dataset_2048x1500_webp/images_og/Image_5419.webp,/workspace/pico-algae/data/processed/dataset_2048x1500_webp/images_red/Image_5419.webp,/workspace/pico-algae/data/processed/dataset_2048x1500_webp/labels/Image_5419.txt,2048,1500,61,img_float = img_uint8/255.0
Image_5421,/workspace/pico-algae/data/processed/dataset_2048x1500_webp/images_og/Image_5421.webp,/workspace/pico-algae/data/processed/dataset_2048x1500_webp/images_red/Image_5421.webp,/workspace/pico-algae/data/processed/dataset_2048x1500_webp/labels/Image_5421.txt,2048,1500,64,img_float = img_uint8/255.0
Image_5423,/workspace/pico-algae/data/processed/dataset_2048x1500_webp/images_og/Image_5423.webp,/workspace/pico-algae/data/processed/dataset_2048x1500_webp/images_red/Image_5423.webp,/workspace/pico-algae/data/processed/dataset_2048x1500_webp/labels/Image_5423.txt,2048,1500,58,img_float = img_uint8/255.0
Image_5425,/workspace/pico-algae/data/processed/dataset_2048x1500_webp/images_og/Image_5425.webp,/workspace/pico-algae/data/processed/dataset_2048x1500_webp/images_red/Image_5425.webp,/workspace/pico-algae/data/processed/dataset_2048x1500_webp/labels/Image_5425.txt,2048,1500,60,img_float = img_uint8/255.0
Image_5427,/workspace/pico-algae/data/processed/dataset_2048x1500_webp/images_og/Image_5427.webp,/workspace/pico-algae/data/processed/dataset_2048x1500_webp/images_red/Image_5427.webp,/workspace/pico-algae/data/processed/dataset_2048x1500_webp/labels/Image_5427.txt,2048,1500,88,img_float = img_uint8/255.0
Image_5429,/workspace/pico-algae/data/processed/dataset_2048x1500_webp/images_og/Image_5429.webp,/workspace/pico-algae/data/processed/dataset_2048x1500_webp/images_red/Image_5429.webp,/workspace/pico-algae/data/processed/dataset_2048x1500_webp/labels/Image_5429.txt,2048,1500,34,img_float = img_uint8/255.0
Image_5431,/workspace/pico-algae/data/processed/dataset_2048x1500_webp/images_og/Image_5431.webp,/workspace/pico-algae/data/processed/dataset_2048x1500_webp/images_red/Image_5431.webp,/workspace/pico-algae/data/processed/dataset_2048x1500_webp/labels/Image_5431.txt,2048,1500,51,img_float = img_uint8/255.0
Image_5433,/workspace/pico-algae/data/processed/dataset_2048x1500_webp/images_og/Image_5433.webp,/workspace/pico-algae/data/processed/dataset_2048x1500_webp/images_red/Image_5433.webp,/workspace/pico-algae/data/processed/dataset_2048x1500_webp/labels/Image_5433.txt,2048,1500,41,img_float = img_uint8/255.0
Image_5435,/workspace/pico-algae/data/processed/dataset_2048x1500_webp/images_og/Image_5435.webp,/workspace/pico-algae/data/processed/dataset_2048x1500_webp/images_red/Image_5435.webp,/workspace/pico-algae/data/processed/dataset_2048x1500_webp/labels/Image_5435.txt,2048,1500,33,img_float = img_uint8/255.0
Image_5437,/workspace/pico-algae/data/processed/dataset_2048x1500_webp/images_og/Image_5437.webp,/workspace/pico-algae/data/processed/dataset_2048x1500_webp/images_red/Image_5437.webp,/workspace/pico-algae/data/processed/dataset_2048x1500_webp/labels/Image_5437.txt,2048,1500,40,img_float = img_uint8/255.0
Image_5439,/workspace/pico-algae/data/processed/dataset_2048x1500_webp/images_og/Image_5439.webp,/workspace/pico-algae/data/processed/dataset_2048x1500_webp/images_red/Image_5439.webp,/workspace/pico-algae/data/processed/dataset_2048x1500_webp/labels/Image_5439.txt,2048,1500,61,img_float = img_uint8/255.0
Image_5442,/workspace/pico-algae/data/processed/dataset_2048x1500_webp/images_og/Image_5442.webp,/workspace/pico-algae/data/processed/dataset_2048x1500_webp/images_red/Image_5442.webp,/workspace/pico-algae/data/processed/dataset_2048x1500_webp/labels/Image_5442.txt,2048,1500,48,img_float = img_uint8/255.0
Image_5444,/workspace/pico-algae/data/processed/dataset_2048x1500_webp/images_og/Image_5444.webp,/workspace/pico-algae/data/processed/dataset_2048x1500_webp/images_red/Image_5444.webp,/workspace/pico-algae/data/processed/dataset_2048x1500_webp/labels/Image_5444.txt,2048,1500,46,img_float = img_uint8/255.0
Image_5446,/workspace/pico-algae/data/processed/dataset_2048x1500_webp/images_og/Image_5446.webp,/workspace/pico-algae/data/processed/dataset_2048x1500_webp/images_red/Image_5446.webp,/workspace/pico-algae/data/processed/dataset_2048x1500_webp/labels/Image_5446.txt,2048,1500,32,img_float = img_uint8/255.0
Image_5448,/workspace/pico-algae/data/processed/dataset_2048x1500_webp/images_og/Image_5448.webp,/workspace/pico-algae/data/processed/dataset_2048x1500_webp/images_red/Image_5448.webp,/workspace/pico-algae/data/processed/dataset_2048x1500_webp/labels/Image_5448.txt,2048,1500,31,img_float = img_uint8/255.0
Image_5450,/workspace/pico-algae/data/processed/dataset_2048x1500_webp/images_og/Image_5450.webp,/workspace/pico-algae/data/processed/dataset_2048x1500_webp/images_red/Image_5450.webp,/workspace/pico-algae/data/processed/dataset_2048x1500_webp/labels/Image_5450.txt,2048,1500,37,img_float = img_uint8/255.0
Image_5452,/workspace/pico-algae/data/processed/dataset_2048x1500_webp/images_og/Image_5452.webp,/workspace/pico-algae/data/processed/dataset_2048x1500_webp/images_red/Image_5452.webp,/workspace/pico-algae/data/processed/dataset_2048x1500_webp/labels/Image_5452.txt,2048,1500,32,img_float = img_uint8/255.0
Image_5454,/workspace/pico-algae/data/processed/dataset_2048x1500_webp/images_og/Image_5454.webp,/workspace/pico-algae/data/processed/dataset_2048x1500_webp/images_red/Image_5454.webp,/workspace/pico-algae/data/processed/dataset_2048x1500_webp/labels/Image_5454.txt,2048,1500,39,img_float = img_uint8/255.0
Image_5456,/workspace/pico-algae/data/processed/dataset_2048x1500_webp/images_og/Image_5456.webp,/workspace/pico-algae/data/processed/dataset_2048x1500_webp/images_red/Image_5456.webp,/workspace/pico-algae/data/processed/dataset_2048x1500_webp/labels/Image_5456.txt,2048,1500,36,img_float = img_uint8/255.0
Image_5458,/workspace/pico-algae/data/processed/dataset_2048x1500_webp/images_og/Image_5458.webp,/workspace/pico-algae/data/processed/dataset_2048x1500_webp/images_red/Image_5458.webp,/workspace/pico-algae/data/processed/dataset_2048x1500_webp/labels/Image_5458.txt,2048,1500,38,img_float = img_uint8/255.0
Image_5460,/workspace/pico-algae/data/processed/dataset_2048x1500_webp/images_og/Image_5460.webp,/workspace/pico-algae/data/processed/dataset_2048x1500_webp/images_red/Image_5460.webp,/workspace/pico-algae/data/processed/dataset_2048x1500_webp/labels/Image_5460.txt,2048,1500,23,img_float = img_uint8/255.0
Image_5462,/workspace/pico-algae/data/processed/dataset_2048x1500_webp/images_og/Image_5462.webp,/workspace/pico-algae/data/processed/dataset_2048x1500_webp/images_red/Image_5462.webp,/workspace/pico-algae/data/processed/dataset_2048x1500_webp/labels/Image_5462.txt,2048,1500,33,img_float = img_uint8/255.0
Image_6047,/workspace/pico-algae/data/processed/dataset_2048x1500_webp/images_og/Image_6047.webp,/workspace/pico-algae/data/processed/dataset_2048x1500_webp/images_red/Image_6047.webp,/workspace/pico-algae/data/processed/dataset_2048x1500_webp/labels/Image_6047.txt,2048,1500,50,img_float = img_uint8/255.0
Image_6049,/workspace/pico-algae/data/processed/dataset_2048x1500_webp/images_og/Image_6049.webp,/workspace/pico-algae/data/processed/dataset_2048x1500_webp/images_red/Image_6049.webp,/workspace/pico-algae/data/processed/dataset_2048x1500_webp/labels/Image_6049.txt,2048,1500,59,img_float = img_uint8/255.0
Image_6051,/workspace/pico-algae/data/processed/dataset_2048x1500_webp/images_og/Image_6051.webp,/workspace/pico-algae/data/processed/dataset_2048x1500_webp/images_red/Image_6051.webp,/workspace/pico-algae/data/processed/dataset_2048x1500_webp/labels/Image_6051.txt,2048,1500,49,img_float = img_uint8/255.0
Image_6053,/workspace/pico-algae/data/processed/dataset_2048x1500_webp/images_og/Image_6053.webp,/workspace/pico-algae/data/processed/dataset_2048x1500_webp/images_red/Image_6053.webp,/workspace/pico-algae/data/processed/dataset_2048x1500_webp/labels/Image_6053.txt,2048,1500,41,img_float = img_uint8/255.0
Image_6055,/workspace/pico-algae/data/processed/dataset_2048x1500_webp/images_og/Image_6055.webp,/workspace/pico-algae/data/processed/dataset_2048x1500_webp/images_red/Image_6055.webp,/workspace/pico-algae/data/processed/dataset_2048x1500_webp/labels/Image_6055.txt,2048,1500,49,img_float = img_uint8/255.0
Image_6057,/workspace/pico-algae/data/processed/dataset_2048x1500_webp/images_og/Image_6057.webp,/workspace/pico-algae/data/processed/dataset_2048x1500_webp/images_red/Image_6057.webp,/workspace/pico-algae/data/processed/dataset_2048x1500_webp/labels/Image_6057.txt,2048,1500,47,img_float = img_uint8/255.0
Image_6059,/workspace/pico-algae/data/processed/dataset_2048x1500_webp/images_og/Image_6059.webp,/workspace/pico-algae/data/processed/dataset_2048x1500_webp/images_red/Image_6059.webp,/workspace/pico-algae/data/processed/dataset_2048x1500_webp/labels/Image_6059.txt,2048,1500,58,img_float = img_uint8/255.0
Image_6061,/workspace/pico-algae/data/processed/dataset_2048x1500_webp/images_og/Image_6061.webp,/workspace/pico-algae/data/processed/dataset_2048x1500_webp/images_red/Image_6061.webp,/workspace/pico-algae/data/processed/dataset_2048x1500_webp/labels/Image_6061.txt,2048,1500,54,img_float = img_uint8/255.0
Image_6063,/workspace/pico-algae/data/processed/dataset_2048x1500_webp/images_og/Image_6063.webp,/workspace/pico-algae/data/processed/dataset_2048x1500_webp/images_red/Image_6063.webp,/workspace/pico-algae/data/processed/dataset_2048x1500_webp/labels/Image_6063.txt,2048,1500,56,img_float = img_uint8/255.0
Image_6065,/workspace/pico-algae/data/processed/dataset_2048x1500_webp/images_og/Image_6065.webp,/workspace/pico-algae/data/processed/dataset_2048x1500_webp/images_red/Image_6065.webp,/workspace/pico-algae/data/processed/dataset_2048x1500_webp/labels/Image_6065.txt,2048,1500,34,img_float = img_uint8/255.0
Image_6067,/workspace/pico-algae/data/processed/dataset_2048x1500_webp/images_og/Image_6067.webp,/workspace/pico-algae/data/processed/dataset_2048x1500_webp/images_red/Image_6067.webp,/workspace/pico-algae/data/processed/dataset_2048x1500_webp/labels/Image_6067.txt,2048,1500,51,img_float = img_uint8/255.0
Image_6069,/workspace/pico-algae/data/processed/dataset_2048x1500_webp/images_og/Image_6069.webp,/workspace/pico-algae/data/processed/dataset_2048x1500_webp/images_red/Image_6069.webp,/workspace/pico-algae/data/processed/dataset_2048x1500_webp/labels/Image_6069.txt,2048,1500,53,img_float = img_uint8/255.0
Image_6071,/workspace/pico-algae/data/processed/dataset_2048x1500_webp/images_og/Image_6071.webp,/workspace/pico-algae/data/processed/dataset_2048x1500_webp/images_red/Image_6071.webp,/workspace/pico-algae/data/processed/dataset_2048x1500_webp/labels/Image_6071.txt,2048,1500,54,img_float = img_uint8/255.0
Image_6073,/workspace/pico-algae/data/processed/dataset_2048x1500_webp/images_og/Image_6073.webp,/workspace/pico-algae/data/processed/dataset_2048x1500_webp/images_red/Image_6073.webp,/workspace/pico-algae/data/processed/dataset_2048x1500_webp/labels/Image_6073.txt,2048,1500,45,img_float = img_uint8/255.0
Image_6075,/workspace/pico-algae/data/processed/dataset_2048x1500_webp/images_og/Image_6075.webp,/workspace/pico-algae/data/processed/dataset_2048x1500_webp/images_red/Image_6075.webp,/workspace/pico-algae/data/processed/dataset_2048x1500_webp/labels/Image_6075.txt,2048,1500,54,img_float = img_uint8/255.0
Image_6077,/workspace/pico-algae/data/processed/dataset_2048x1500_webp/images_og/Image_6077.webp,/workspace/pico-algae/data/processed/dataset_2048x1500_webp/images_red/Image_6077.webp,/workspace/pico-algae/data/processed/dataset_2048x1500_webp/labels/Image_6077.txt,2048,1500,44,img_float = img_uint8/255.0
Image_6079,/workspace/pico-algae/data/processed/dataset_2048x1500_webp/images_og/Image_6079.webp,/workspace/pico-algae/data/processed/dataset_2048x1500_webp/images_red/Image_6079.webp,/workspace/pico-algae/data/processed/dataset_2048x1500_webp/labels/Image_6079.txt,2048,1500,48,img_float = img_uint8/255.0
Image_6081,/workspace/pico-algae/data/processed/dataset_2048x1500_webp/images_og/Image_6081.webp,/workspace/pico-algae/data/processed/dataset_2048x1500_webp/images_red/Image_6081.webp,/workspace/pico-algae/data/processed/dataset_2048x1500_webp/labels/Image_6081.txt,2048,1500,58,img_float = img_uint8/255.0
Image_6083,/workspace/pico-algae/data/processed/dataset_2048x1500_webp/images_og/Image_6083.webp,/workspace/pico-algae/data/processed/dataset_2048x1500_webp/images_red/Image_6083.webp,/workspace/pico-algae/data/processed/dataset_2048x1500_webp/labels/Image_6083.txt,2048,1500,46,img_float = img_uint8/255.0
Image_6085,/workspace/pico-algae/data/processed/dataset_2048x1500_webp/images_og/Image_6085.webp,/workspace/pico-algae/data/processed/dataset_2048x1500_webp/images_red/Image_6085.webp,/workspace/pico-algae/data/processed/dataset_2048x1500_webp/labels/Image_6085.txt,2048,1500,59,img_float = img_uint8/255.0
Image_6087,/workspace/pico-algae/data/processed/dataset_2048x1500_webp/images_og/Image_6087.webp,/workspace/pico-algae/data/processed/dataset_2048x1500_webp/images_red/Image_6087.webp,/workspace/pico-algae/data/processed/dataset_2048x1500_webp/labels/Image_6087.txt,2048,1500,40,img_float = img_uint8/255.0
Image_6089,/workspace/pico-algae/data/processed/dataset_2048x1500_webp/images_og/Image_6089.webp,/workspace/pico-algae/data/processed/dataset_2048x1500_webp/images_red/Image_6089.webp,/workspace/pico-algae/data/processed/dataset_2048x1500_webp/labels/Image_6089.txt,2048,1500,54,img_float = img_uint8/255.0
Image_6091,/workspace/pico-algae/data/processed/dataset_2048x1500_webp/images_og/Image_6091.webp,/workspace/pico-algae/data/processed/dataset_2048x1500_webp/images_red/Image_6091.webp,/workspace/pico-algae/data/processed/dataset_2048x1500_webp/labels/Image_6091.txt,2048,1500,39,img_float = img_uint8/255.0
Image_6093,/workspace/pico-algae/data/processed/dataset_2048x1500_webp/images_og/Image_6093.webp,/workspace/pico-algae/data/processed/dataset_2048x1500_webp/images_red/Image_6093.webp,/workspace/pico-algae/data/processed/dataset_2048x1500_webp/labels/Image_6093.txt,2048,1500,38,img_float = img_uint8/255.0
Image_6095,/workspace/pico-algae/data/processed/dataset_2048x1500_webp/images_og/Image_6095.webp,/workspace/pico-algae/data/processed/dataset_2048x1500_webp/images_red/Image_6095.webp,/workspace/pico-algae/data/processed/dataset_2048x1500_webp/labels/Image_6095.txt,2048,1500,37,img_float = img_uint8/255.0
Image_6097,/workspace/pico-algae/data/processed/dataset_2048x1500_webp/images_og/Image_6097.webp,/workspace/pico-algae/data/processed/dataset_2048x1500_webp/images_red/Image_6097.webp,/workspace/pico-algae/data/processed/dataset_2048x1500_webp/labels/Image_6097.txt,2048,1500,50,img_float = img_uint8/255.0
Image_6099,/workspace/pico-algae/data/processed/dataset_2048x1500_webp/images_og/Image_6099.webp,/workspace/pico-algae/data/processed/dataset_2048x1500_webp/images_red/Image_6099.webp,/workspace/pico-algae/data/processed/dataset_2048x1500_webp/labels/Image_6099.txt,2048,1500,39,img_float = img_uint8/255.0
Image_6101,/workspace/pico-algae/data/processed/dataset_2048x1500_webp/images_og/Image_6101.webp,/workspace/pico-algae/data/processed/dataset_2048x1500_webp/images_red/Image_6101.webp,/workspace/pico-algae/data/processed/dataset_2048x1500_webp/labels/Image_6101.txt,2048,1500,56,img_float = img_uint8/255.0
Image_6103,/workspace/pico-algae/data/processed/dataset_2048x1500_webp/images_og/Image_6103.webp,/workspace/pico-algae/data/processed/dataset_2048x1500_webp/images_red/Image_6103.webp,/workspace/pico-algae/data/processed/dataset_2048x1500_webp/labels/Image_6103.txt,2048,1500,48,img_float = img_uint8/255.0
Image_6105,/workspace/pico-algae/data/processed/dataset_2048x1500_webp/images_og/Image_6105.webp,/workspace/pico-algae/data/processed/dataset_2048x1500_webp/images_red/Image_6105.webp,/workspace/pico-algae/data/processed/dataset_2048x1500_webp/labels/Image_6105.txt,2048,1500,38,img_float = img_uint8/255.0
Image_6107,/workspace/pico-algae/data/processed/dataset_2048x1500_webp/images_og/Image_6107.webp,/workspace/pico-algae/data/processed/dataset_2048x1500_webp/images_red/Image_6107.webp,/workspace/pico-algae/data/processed/dataset_2048x1500_webp/labels/Image_6107.txt,2048,1500,34,img_float = img_uint8/255.0
Image_6109,/workspace/pico-algae/data/processed/dataset_2048x1500_webp/images_og/Image_6109.webp,/workspace/pico-algae/data/processed/dataset_2048x1500_webp/images_red/Image_6109.webp,/workspace/pico-algae/data/processed/dataset_2048x1500_webp/labels/Image_6109.txt,2048,1500,48,img_float = img_uint8/255.0
Image_6111,/workspace/pico-algae/data/processed/dataset_2048x1500_webp/images_og/Image_6111.webp,/workspace/pico-algae/data/processed/dataset_2048x1500_webp/images_red/Image_6111.webp,/workspace/pico-algae/data/processed/dataset_2048x1500_webp/labels/Image_6111.txt,2048,1500,36,img_float = img_uint8/255.0
Image_6113,/workspace/pico-algae/data/processed/dataset_2048x1500_webp/images_og/Image_6113.webp,/workspace/pico-algae/data/processed/dataset_2048x1500_webp/images_red/Image_6113.webp,/workspace/pico-algae/data/processed/dataset_2048x1500_webp/labels/Image_6113.txt,2048,1500,61,img_float = img_uint8/255.0
Image_6115,/workspace/pico-algae/data/processed/dataset_2048x1500_webp/images_og/Image_6115.webp,/workspace/pico-algae/data/processed/dataset_2048x1500_webp/images_red/Image_6115.webp,/workspace/pico-algae/data/processed/dataset_2048x1500_webp/labels/Image_6115.txt,2048,1500,73,img_float = img_uint8/255.0
Image_6117,/workspace/pico-algae/data/processed/dataset_2048x1500_webp/images_og/Image_6117.webp,/workspace/pico-algae/data/processed/dataset_2048x1500_webp/images_red/Image_6117.webp,/workspace/pico-algae/data/processed/dataset_2048x1500_webp/labels/Image_6117.txt,2048,1500,67,img_float = img_uint8/255.0
Image_6119,/workspace/pico-algae/data/processed/dataset_2048x1500_webp/images_og/Image_6119.webp,/workspace/pico-algae/data/processed/dataset_2048x1500_webp/images_red/Image_6119.webp,/workspace/pico-algae/data/processed/dataset_2048x1500_webp/labels/Image_6119.txt,2048,1500,70,img_float = img_uint8/255.0
Image_6121,/workspace/pico-algae/data/processed/dataset_2048x1500_webp/images_og/Image_6121.webp,/workspace/pico-algae/data/processed/dataset_2048x1500_webp/images_red/Image_6121.webp,/workspace/pico-algae/data/processed/dataset_2048x1500_webp/labels/Image_6121.txt,2048,1500,68,img_float = img_uint8/255.0
Image_6123,/workspace/pico-algae/data/processed/dataset_2048x1500_webp/images_og/Image_6123.webp,/workspace/pico-algae/data/processed/dataset_2048x1500_webp/images_red/Image_6123.webp,/workspace/pico-algae/data/processed/dataset_2048x1500_webp/labels/Image_6123.txt,2048,1500,71,img_float = img_uint8/255.0
Image_6125,/workspace/pico-algae/data/processed/dataset_2048x1500_webp/images_og/Image_6125.webp,/workspace/pico-algae/data/processed/dataset_2048x1500_webp/images_red/Image_6125.webp,/workspace/pico-algae/data/processed/dataset_2048x1500_webp/labels/Image_6125.txt,2048,1500,66,img_float = img_uint8/255.0
Image_6127,/workspace/pico-algae/data/processed/dataset_2048x1500_webp/images_og/Image_6127.webp,/workspace/pico-algae/data/processed/dataset_2048x1500_webp/images_red/Image_6127.webp,/workspace/pico-algae/data/processed/dataset_2048x1500_webp/labels/Image_6127.txt,2048,1500,76,img_float = img_uint8/255.0
Image_6129,/workspace/pico-algae/data/processed/dataset_2048x1500_webp/images_og/Image_6129.webp,/workspace/pico-algae/data/processed/dataset_2048x1500_webp/images_red/Image_6129.webp,/workspace/pico-algae/data/processed/dataset_2048x1500_webp/labels/Image_6129.txt,2048,1500,58,img_float = img_uint8/255.0
Image_6131,/workspace/pico-algae/data/processed/dataset_2048x1500_webp/images_og/Image_6131.webp,/workspace/pico-algae/data/processed/dataset_2048x1500_webp/images_red/Image_6131.webp,/workspace/pico-algae/data/processed/dataset_2048x1500_webp/labels/Image_6131.txt,2048,1500,65,img_float = img_uint8/255.0
Image_6538,/workspace/pico-algae/data/processed/dataset_2048x1500_webp/images_og/Image_6538.webp,/workspace/pico-algae/data/processed/dataset_2048x1500_webp/images_red/Image_6538.webp,/workspace/pico-algae/data/processed/dataset_2048x1500_webp/labels/Image_6538.txt,2048,1500,57,img_float = img_uint8/255.0
Image_6540,/workspace/pico-algae/data/processed/dataset_2048x1500_webp/images_og/Image_6540.webp,/workspace/pico-algae/data/processed/dataset_2048x1500_webp/images_red/Image_6540.webp,/workspace/pico-algae/data/processed/dataset_2048x1500_webp/labels/Image_6540.txt,2048,1500,70,img_float = img_uint8/255.0
Image_6542,/workspace/pico-algae/data/processed/dataset_2048x1500_webp/images_og/Image_6542.webp,/workspace/pico-algae/data/processed/dataset_2048x1500_webp/images_red/Image_6542.webp,/workspace/pico-algae/data/processed/dataset_2048x1500_webp/labels/Image_6542.txt,2048,1500,84,img_float = img_uint8/255.0
Image_6544,/workspace/pico-algae/data/processed/dataset_2048x1500_webp/images_og/Image_6544.webp,/workspace/pico-algae/data/processed/dataset_2048x1500_webp/images_red/Image_6544.webp,/workspace/pico-algae/data/processed/dataset_2048x1500_webp/labels/Image_6544.txt,2048,1500,62,img_float = img_uint8/255.0
Image_6546,/workspace/pico-algae/data/processed/dataset_2048x1500_webp/images_og/Image_6546.webp,/workspace/pico-algae/data/processed/dataset_2048x1500_webp/images_red/Image_6546.webp,/workspace/pico-algae/data/processed/dataset_2048x1500_webp/labels/Image_6546.txt,2048,1500,60,img_float = img_uint8/255.0
Image_6548,/workspace/pico-algae/data/processed/dataset_2048x1500_webp/images_og/Image_6548.webp,/workspace/pico-algae/data/processed/dataset_2048x1500_webp/images_red/Image_6548.webp,/workspace/pico-algae/data/processed/dataset_2048x1500_webp/labels/Image_6548.txt,2048,1500,56,img_float = img_uint8/255.0
Image_6550,/workspace/pico-algae/data/processed/dataset_2048x1500_webp/images_og/Image_6550.webp,/workspace/pico-algae/data/processed/dataset_2048x1500_webp/images_red/Image_6550.webp,/workspace/pico-algae/data/processed/dataset_2048x1500_webp/labels/Image_6550.txt,2048,1500,60,img_float = img_uint8/255.0
Image_6552,/workspace/pico-algae/data/processed/dataset_2048x1500_webp/images_og/Image_6552.webp,/workspace/pico-algae/data/processed/dataset_2048x1500_webp/images_red/Image_6552.webp,/workspace/pico-algae/data/processed/dataset_2048x1500_webp/labels/Image_6552.txt,2048,1500,59,img_float = img_uint8/255.0
Image_6554,/workspace/pico-algae/data/processed/dataset_2048x1500_webp/images_og/Image_6554.webp,/workspace/pico-algae/data/processed/dataset_2048x1500_webp/images_red/Image_6554.webp,/workspace/pico-algae/data/processed/dataset_2048x1500_webp/labels/Image_6554.txt,2048,1500,64,img_float = img_uint8/255.0
Image_6556,/workspace/pico-algae/data/processed/dataset_2048x1500_webp/images_og/Image_6556.webp,/workspace/pico-algae/data/processed/dataset_2048x1500_webp/images_red/Image_6556.webp,/workspace/pico-algae/data/processed/dataset_2048x1500_webp/labels/Image_6556.txt,2048,1500,71,img_float = img_uint8/255.0
Image_6558,/workspace/pico-algae/data/processed/dataset_2048x1500_webp/images_og/Image_6558.webp,/workspace/pico-algae/data/processed/dataset_2048x1500_webp/images_red/Image_6558.webp,/workspace/pico-algae/data/processed/dataset_2048x1500_webp/labels/Image_6558.txt,2048,1500,47,img_float = img_uint8/255.0
Image_6560,/workspace/pico-algae/data/processed/dataset_2048x1500_webp/images_og/Image_6560.webp,/workspace/pico-algae/data/processed/dataset_2048x1500_webp/images_red/Image_6560.webp,/workspace/pico-algae/data/processed/dataset_2048x1500_webp/labels/Image_6560.txt,2048,1500,51,img_float = img_uint8/255.0
Image_6562,/workspace/pico-algae/data/processed/dataset_2048x1500_webp/images_og/Image_6562.webp,/workspace/pico-algae/data/processed/dataset_2048x1500_webp/images_red/Image_6562.webp,/workspace/pico-algae/data/processed/dataset_2048x1500_webp/labels/Image_6562.txt,2048,1500,51,img_float = img_uint8/255.0
Image_6564,/workspace/pico-algae/data/processed/dataset_2048x1500_webp/images_og/Image_6564.webp,/workspace/pico-algae/data/processed/dataset_2048x1500_webp/images_red/Image_6564.webp,/workspace/pico-algae/data/processed/dataset_2048x1500_webp/labels/Image_6564.txt,2048,1500,46,img_float = img_uint8/255.0
Image_6566,/workspace/pico-algae/data/processed/dataset_2048x1500_webp/images_og/Image_6566.webp,/workspace/pico-algae/data/processed/dataset_2048x1500_webp/images_red/Image_6566.webp,/workspace/pico-algae/data/processed/dataset_2048x1500_webp/labels/Image_6566.txt,2048,1500,76,img_float = img_uint8/255.0
Image_6568,/workspace/pico-algae/data/processed/dataset_2048x1500_webp/images_og/Image_6568.webp,/workspace/pico-algae/data/processed/dataset_2048x1500_webp/images_red/Image_6568.webp,/workspace/pico-algae/data/processed/dataset_2048x1500_webp/labels/Image_6568.txt,2048,1500,75,img_float = img_uint8/255.0
Image_6570,/workspace/pico-algae/data/processed/dataset_2048x1500_webp/images_og/Image_6570.webp,/workspace/pico-algae/data/processed/dataset_2048x1500_webp/images_red/Image_6570.webp,/workspace/pico-algae/data/processed/dataset_2048x1500_webp/labels/Image_6570.txt,2048,1500,67,img_float = img_uint8/255.0
Image_6572,/workspace/pico-algae/data/processed/dataset_2048x1500_webp/images_og/Image_6572.webp,/workspace/pico-algae/data/processed/dataset_2048x1500_webp/images_red/Image_6572.webp,/workspace/pico-algae/data/processed/dataset_2048x1500_webp/labels/Image_6572.txt,2048,1500,50,img_float = img_uint8/255.0
Image_6574,/workspace/pico-algae/data/processed/dataset_2048x1500_webp/images_og/Image_6574.webp,/workspace/pico-algae/data/processed/dataset_2048x1500_webp/images_red/Image_6574.webp,/workspace/pico-algae/data/processed/dataset_2048x1500_webp/labels/Image_6574.txt,2048,1500,79,img_float = img_uint8/255.0
Image_6576,/workspace/pico-algae/data/processed/dataset_2048x1500_webp/images_og/Image_6576.webp,/workspace/pico-algae/data/processed/dataset_2048x1500_webp/images_red/Image_6576.webp,/workspace/pico-algae/data/processed/dataset_2048x1500_webp/labels/Image_6576.txt,2048,1500,61,img_float = img_uint8/255.0
Image_6578,/workspace/pico-algae/data/processed/dataset_2048x1500_webp/images_og/Image_6578.webp,/workspace/pico-algae/data/processed/dataset_2048x1500_webp/images_red/Image_6578.webp,/workspace/pico-algae/data/processed/dataset_2048x1500_webp/labels/Image_6578.txt,2048,1500,63,img_float = img_uint8/255.0
Image_6580,/workspace/pico-algae/data/processed/dataset_2048x1500_webp/images_og/Image_6580.webp,/workspace/pico-algae/data/processed/dataset_2048x1500_webp/images_red/Image_6580.webp,/workspace/pico-algae/data/processed/dataset_2048x1500_webp/labels/Image_6580.txt,2048,1500,73,img_float = img_uint8/255.0
Image_6582,/workspace/pico-algae/data/processed/dataset_2048x1500_webp/images_og/Image_6582.webp,/workspace/pico-algae/data/processed/dataset_2048x1500_webp/images_red/Image_6582.webp,/workspace/pico-algae/data/processed/dataset_2048x1500_webp/labels/Image_6582.txt,2048,1500,58,img_float = img_uint8/255.0
Image_6584,/workspace/pico-algae/data/processed/dataset_2048x1500_webp/images_og/Image_6584.webp,/workspace/pico-algae/data/processed/dataset_2048x1500_webp/images_red/Image_6584.webp,/workspace/pico-algae/data/processed/dataset_2048x1500_webp/labels/Image_6584.txt,2048,1500,70,img_float = img_uint8/255.0
Image_6586,/workspace/pico-algae/data/processed/dataset_2048x1500_webp/images_og/Image_6586.webp,/workspace/pico-algae/data/processed/dataset_2048x1500_webp/images_red/Image_6586.webp,/workspace/pico-algae/data/processed/dataset_2048x1500_webp/labels/Image_6586.txt,2048,1500,59,img_float = img_uint8/255.0
Image_6588,/workspace/pico-algae/data/processed/dataset_2048x1500_webp/images_og/Image_6588.webp,/workspace/pico-algae/data/processed/dataset_2048x1500_webp/images_red/Image_6588.webp,/workspace/pico-algae/data/processed/dataset_2048x1500_webp/labels/Image_6588.txt,2048,1500,69,img_float = img_uint8/255.0
Image_6590,/workspace/pico-algae/data/processed/dataset_2048x1500_webp/images_og/Image_6590.webp,/workspace/pico-algae/data/processed/dataset_2048x1500_webp/images_red/Image_6590.webp,/workspace/pico-algae/data/processed/dataset_2048x1500_webp/labels/Image_6590.txt,2048,1500,57,img_float = img_uint8/255.0
Image_6592,/workspace/pico-algae/data/processed/dataset_2048x1500_webp/images_og/Image_6592.webp,/workspace/pico-algae/data/processed/dataset_2048x1500_webp/images_red/Image_6592.webp,/workspace/pico-algae/data/processed/dataset_2048x1500_webp/labels/Image_6592.txt,2048,1500,75,img_float = img_uint8/255.0
Image_6594,/workspace/pico-algae/data/processed/dataset_2048x1500_webp/images_og/Image_6594.webp,/workspace/pico-algae/data/processed/dataset_2048x1500_webp/images_red/Image_6594.webp,/workspace/pico-algae/data/processed/dataset_2048x1500_webp/labels/Image_6594.txt,2048,1500,98,img_float = img_uint8/255.0
Image_6596,/workspace/pico-algae/data/processed/dataset_2048x1500_webp/images_og/Image_6596.webp,/workspace/pico-algae/data/processed/dataset_2048x1500_webp/images_red/Image_6596.webp,/workspace/pico-algae/data/processed/dataset_2048x1500_webp/labels/Image_6596.txt,2048,1500,76,img_float = img_uint8/255.0
Image_6598,/workspace/pico-algae/data/processed/dataset_2048x1500_webp/images_og/Image_6598.webp,/workspace/pico-algae/data/processed/dataset_2048x1500_webp/images_red/Image_6598.webp,/workspace/pico-algae/data/processed/dataset_2048x1500_webp/labels/Image_6598.txt,2048,1500,95,img_float = img_uint8/255.0
Image_6600,/workspace/pico-algae/data/processed/dataset_2048x1500_webp/images_og/Image_6600.webp,/workspace/pico-algae/data/processed/dataset_2048x1500_webp/images_red/Image_6600.webp,/workspace/pico-algae/data/processed/dataset_2048x1500_webp/labels/Image_6600.txt,2048,1500,82,img_float = img_uint8/255.0
Image_6602,/workspace/pico-algae/data/processed/dataset_2048x1500_webp/images_og/Image_6602.webp,/workspace/pico-algae/data/processed/dataset_2048x1500_webp/images_red/Image_6602.webp,/workspace/pico-algae/data/processed/dataset_2048x1500_webp/labels/Image_6602.txt,2048,1500,86,img_float = img_uint8/255.0
Image_6604,/workspace/pico-algae/data/processed/dataset_2048x1500_webp/images_og/Image_6604.webp,/workspace/pico-algae/data/processed/dataset_2048x1500_webp/images_red/Image_6604.webp,/workspace/pico-algae/data/processed/dataset_2048x1500_webp/labels/Image_6604.txt,2048,1500,68,img_float = img_uint8/255.0
Image_6606,/workspace/pico-algae/data/processed/dataset_2048x1500_webp/images_og/Image_6606.webp,/workspace/pico-algae/data/processed/dataset_2048x1500_webp/images_red/Image_6606.webp,/workspace/pico-algae/data/processed/dataset_2048x1500_webp/labels/Image_6606.txt,2048,1500,88,img_float = img_uint8/255.0
Image_6608,/workspace/pico-algae/data/processed/dataset_2048x1500_webp/images_og/Image_6608.webp,/workspace/pico-algae/data/processed/dataset_2048x1500_webp/images_red/Image_6608.webp,/workspace/pico-algae/data/processed/dataset_2048x1500_webp/labels/Image_6608.txt,2048,1500,85,img_float = img_uint8/255.0
Image_6610,/workspace/pico-algae/data/processed/dataset_2048x1500_webp/images_og/Image_6610.webp,/workspace/pico-algae/data/processed/dataset_2048x1500_webp/images_red/Image_6610.webp,/workspace/pico-algae/data/processed/dataset_2048x1500_webp/labels/Image_6610.txt,2048,1500,97,img_float = img_uint8/255.0
Image_6612,/workspace/pico-algae/data/processed/dataset_2048x1500_webp/images_og/Image_6612.webp,/workspace/pico-algae/data/processed/dataset_2048x1500_webp/images_red/Image_6612.webp,/workspace/pico-algae/data/processed/dataset_2048x1500_webp/labels/Image_6612.txt,2048,1500,114,img_float = img_uint8/255.0
Image_6614,/workspace/pico-algae/data/processed/dataset_2048x1500_webp/images_og/Image_6614.webp,/workspace/pico-algae/data/processed/dataset_2048x1500_webp/images_red/Image_6614.webp,/workspace/pico-algae/data/processed/dataset_2048x1500_webp/labels/Image_6614.txt,2048,1500,104,img_float = img_uint8/255.0
Image_6616,/workspace/pico-algae/data/processed/dataset_2048x1500_webp/images_og/Image_6616.webp,/workspace/pico-algae/data/processed/dataset_2048x1500_webp/images_red/Image_6616.webp,/workspace/pico-algae/data/processed/dataset_2048x1500_webp/labels/Image_6616.txt,2048,1500,111,img_float = img_uint8/255.0
Image_6618,/workspace/pico-algae/data/processed/dataset_2048x1500_webp/images_og/Image_6618.webp,/workspace/pico-algae/data/processed/dataset_2048x1500_webp/images_red/Image_6618.webp,/workspace/pico-algae/data/processed/dataset_2048x1500_webp/labels/Image_6618.txt,2048,1500,99,img_float = img_uint8/255.0
Image_6620,/workspace/pico-algae/data/processed/dataset_2048x1500_webp/images_og/Image_6620.webp,/workspace/pico-algae/data/processed/dataset_2048x1500_webp/images_red/Image_6620.webp,/workspace/pico-algae/data/processed/dataset_2048x1500_webp/labels/Image_6620.txt,2048,1500,114,img_float = img_uint8/255.0
Image_6622,/workspace/pico-algae/data/processed/dataset_2048x1500_webp/images_og/Image_6622.webp,/workspace/pico-algae/data/processed/dataset_2048x1500_webp/images_red/Image_6622.webp,/workspace/pico-algae/data/processed/dataset_2048x1500_webp/labels/Image_6622.txt,2048,1500,139,img_float = img_uint8/255.0
Image_6624,/workspace/pico-algae/data/processed/dataset_2048x1500_webp/images_og/Image_6624.webp,/workspace/pico-algae/data/processed/dataset_2048x1500_webp/images_red/Image_6624.webp,/workspace/pico-algae/data/processed/dataset_2048x1500_webp/labels/Image_6624.txt,2048,1500,79,img_float = img_uint8/255.0
Image_6626,/workspace/pico-algae/data/processed/dataset_2048x1500_webp/images_og/Image_6626.webp,/workspace/pico-algae/data/processed/dataset_2048x1500_webp/images_red/Image_6626.webp,/workspace/pico-algae/data/processed/dataset_2048x1500_webp/labels/Image_6626.txt,2048,1500,105,img_float = img_uint8/255.0
Image_6628,/workspace/pico-algae/data/processed/dataset_2048x1500_webp/images_og/Image_6628.webp,/workspace/pico-algae/data/processed/dataset_2048x1500_webp/images_red/Image_6628.webp,/workspace/pico-algae/data/processed/dataset_2048x1500_webp/labels/Image_6628.txt,2048,1500,126,img_float = img_uint8/255.0
Image_7111,/workspace/pico-algae/data/processed/dataset_2048x1500_webp/images_og/Image_7111.webp,/workspace/pico-algae/data/processed/dataset_2048x1500_webp/images_red/Image_7111.webp,/workspace/pico-algae/data/processed/dataset_2048x1500_webp/labels/Image_7111.txt,2048,1500,51,img_float = img_uint8/255.0
Image_7113,/workspace/pico-algae/data/processed/dataset_2048x1500_webp/images_og/Image_7113.webp,/workspace/pico-algae/data/processed/dataset_2048x1500_webp/images_red/Image_7113.webp,/workspace/pico-algae/data/processed/dataset_2048x1500_webp/labels/Image_7113.txt,2048,1500,65,img_float = img_uint8/255.0
Image_7115,/workspace/pico-algae/data/processed/dataset_2048x1500_webp/images_og/Image_7115.webp,/workspace/pico-algae/data/processed/dataset_2048x1500_webp/images_red/Image_7115.webp,/workspace/pico-algae/data/processed/dataset_2048x1500_webp/labels/Image_7115.txt,2048,1500,57,img_float = img_uint8/255.0
Image_7117,/workspace/pico-algae/data/processed/dataset_2048x1500_webp/images_og/Image_7117.webp,/workspace/pico-algae/data/processed/dataset_2048x1500_webp/images_red/Image_7117.webp,/workspace/pico-algae/data/processed/dataset_2048x1500_webp/labels/Image_7117.txt,2048,1500,64,img_float = img_uint8/255.0
Image_7119,/workspace/pico-algae/data/processed/dataset_2048x1500_webp/images_og/Image_7119.webp,/workspace/pico-algae/data/processed/dataset_2048x1500_webp/images_red/Image_7119.webp,/workspace/pico-algae/data/processed/dataset_2048x1500_webp/labels/Image_7119.txt,2048,1500,67,img_float = img_uint8/255.0
Image_7121,/workspace/pico-algae/data/processed/dataset_2048x1500_webp/images_og/Image_7121.webp,/workspace/pico-algae/data/processed/dataset_2048x1500_webp/images_red/Image_7121.webp,/workspace/pico-algae/data/processed/dataset_2048x1500_webp/labels/Image_7121.txt,2048,1500,51,img_float = img_uint8/255.0
Image_7123,/workspace/pico-algae/data/processed/dataset_2048x1500_webp/images_og/Image_7123.webp,/workspace/pico-algae/data/processed/dataset_2048x1500_webp/images_red/Image_7123.webp,/workspace/pico-algae/data/processed/dataset_2048x1500_webp/labels/Image_7123.txt,2048,1500,50,img_float = img_uint8/255.0
Image_7125,/workspace/pico-algae/data/processed/dataset_2048x1500_webp/images_og/Image_7125.webp,/workspace/pico-algae/data/processed/dataset_2048x1500_webp/images_red/Image_7125.webp,/workspace/pico-algae/data/processed/dataset_2048x1500_webp/labels/Image_7125.txt,2048,1500,54,img_float = img_uint8/255.0
Image_7127,/workspace/pico-algae/data/processed/dataset_2048x1500_webp/images_og/Image_7127.webp,/workspace/pico-algae/data/processed/dataset_2048x1500_webp/images_red/Image_7127.webp,/workspace/pico-algae/data/processed/dataset_2048x1500_webp/labels/Image_7127.txt,2048,1500,44,img_float = img_uint8/255.0
Image_7129,/workspace/pico-algae/data/processed/dataset_2048x1500_webp/images_og/Image_7129.webp,/workspace/pico-algae/data/processed/dataset_2048x1500_webp/images_red/Image_7129.webp,/workspace/pico-algae/data/processed/dataset_2048x1500_webp/labels/Image_7129.txt,2048,1500,48,img_float = img_uint8/255.0
Image_7131,/workspace/pico-algae/data/processed/dataset_2048x1500_webp/images_og/Image_7131.webp,/workspace/pico-algae/data/processed/dataset_2048x1500_webp/images_red/Image_7131.webp,/workspace/pico-algae/data/processed/dataset_2048x1500_webp/labels/Image_7131.txt,2048,1500,52,img_float = img_uint8/255.0
Image_7133,/workspace/pico-algae/data/processed/dataset_2048x1500_webp/images_og/Image_7133.webp,/workspace/pico-algae/data/processed/dataset_2048x1500_webp/images_red/Image_7133.webp,/workspace/pico-algae/data/processed/dataset_2048x1500_webp/labels/Image_7133.txt,2048,1500,57,img_float = img_uint8/255.0
Image_7135,/workspace/pico-algae/data/processed/dataset_2048x1500_webp/images_og/Image_7135.webp,/workspace/pico-algae/data/processed/dataset_2048x1500_webp/images_red/Image_7135.webp,/workspace/pico-algae/data/processed/dataset_2048x1500_webp/labels/Image_7135.txt,2048,1500,48,img_float = img_uint8/255.0
Image_7137,/workspace/pico-algae/data/processed/dataset_2048x1500_webp/images_og/Image_7137.webp,/workspace/pico-algae/data/processed/dataset_2048x1500_webp/images_red/Image_7137.webp,/workspace/pico-algae/data/processed/dataset_2048x1500_webp/labels/Image_7137.txt,2048,1500,51,img_float = img_uint8/255.0
Image_7139,/workspace/pico-algae/data/processed/dataset_2048x1500_webp/images_og/Image_7139.webp,/workspace/pico-algae/data/processed/dataset_2048x1500_webp/images_red/Image_7139.webp,/workspace/pico-algae/data/processed/dataset_2048x1500_webp/labels/Image_7139.txt,2048,1500,85,img_float = img_uint8/255.0
Image_7141,/workspace/pico-algae/data/processed/dataset_2048x1500_webp/images_og/Image_7141.webp,/workspace/pico-algae/data/processed/dataset_2048x1500_webp/images_red/Image_7141.webp,/workspace/pico-algae/data/processed/dataset_2048x1500_webp/labels/Image_7141.txt,2048,1500,53,img_float = img_uint8/255.0
Image_7143,/workspace/pico-algae/data/processed/dataset_2048x1500_webp/images_og/Image_7143.webp,/workspace/pico-algae/data/processed/dataset_2048x1500_webp/images_red/Image_7143.webp,/workspace/pico-algae/data/processed/dataset_2048x1500_webp/labels/Image_7143.txt,2048,1500,75,img_float = img_uint8/255.0
Image_7145,/workspace/pico-algae/data/processed/dataset_2048x1500_webp/images_og/Image_7145.webp,/workspace/pico-algae/data/processed/dataset_2048x1500_webp/images_red/Image_7145.webp,/workspace/pico-algae/data/processed/dataset_2048x1500_webp/labels/Image_7145.txt,2048,1500,60,img_float = img_uint8/255.0
Image_7147,/workspace/pico-algae/data/processed/dataset_2048x1500_webp/images_og/Image_7147.webp,/workspace/pico-algae/data/processed/dataset_2048x1500_webp/images_red/Image_7147.webp,/workspace/pico-algae/data/processed/dataset_2048x1500_webp/labels/Image_7147.txt,2048,1500,46,img_float = img_uint8/255.0
Image_7149,/workspace/pico-algae/data/processed/dataset_2048x1500_webp/images_og/Image_7149.webp,/workspace/pico-algae/data/processed/dataset_2048x1500_webp/images_red/Image_7149.webp,/workspace/pico-algae/data/processed/dataset_2048x1500_webp/labels/Image_7149.txt,2048,1500,59,img_float = img_uint8/255.0
Image_7151,/workspace/pico-algae/data/processed/dataset_2048x1500_webp/images_og/Image_7151.webp,/workspace/pico-algae/data/processed/dataset_2048x1500_webp/images_red/Image_7151.webp,/workspace/pico-algae/data/processed/dataset_2048x1500_webp/labels/Image_7151.txt,2048,1500,77,img_float = img_uint8/255.0
Image_7153,/workspace/pico-algae/data/processed/dataset_2048x1500_webp/images_og/Image_7153.webp,/workspace/pico-algae/data/processed/dataset_2048x1500_webp/images_red/Image_7153.webp,/workspace/pico-algae/data/processed/dataset_2048x1500_webp/labels/Image_7153.txt,2048,1500,22,img_float = img_uint8/255.0
Image_7155,/workspace/pico-algae/data/processed/dataset_2048x1500_webp/images_og/Image_7155.webp,/workspace/pico-algae/data/processed/dataset_2048x1500_webp/images_red/Image_7155.webp,/workspace/pico-algae/data/processed/dataset_2048x1500_webp/labels/Image_7155.txt,2048,1500,62,img_float = img_uint8/255.0
Image_7157,/workspace/pico-algae/data/processed/dataset_2048x1500_webp/images_og/Image_7157.webp,/workspace/pico-algae/data/processed/dataset_2048x1500_webp/images_red/Image_7157.webp,/workspace/pico-algae/data/processed/dataset_2048x1500_webp/labels/Image_7157.txt,2048,1500,63,img_float = img_uint8/255.0
Image_7159,/workspace/pico-algae/data/processed/dataset_2048x1500_webp/images_og/Image_7159.webp,/workspace/pico-algae/data/processed/dataset_2048x1500_webp/images_red/Image_7159.webp,/workspace/pico-algae/data/processed/dataset_2048x1500_webp/labels/Image_7159.txt,2048,1500,53,img_float = img_uint8/255.0
Image_7161,/workspace/pico-algae/data/processed/dataset_2048x1500_webp/images_og/Image_7161.webp,/workspace/pico-algae/data/processed/dataset_2048x1500_webp/images_red/Image_7161.webp,/workspace/pico-algae/data/processed/dataset_2048x1500_webp/labels/Image_7161.txt,2048,1500,55,img_float = img_uint8/255.0
Image_7163,/workspace/pico-algae/data/processed/dataset_2048x1500_webp/images_og/Image_7163.webp,/workspace/pico-algae/data/processed/dataset_2048x1500_webp/images_red/Image_7163.webp,/workspace/pico-algae/data/processed/dataset_2048x1500_webp/labels/Image_7163.txt,2048,1500,47,img_float = img_uint8/255.0
Image_7165,/workspace/pico-algae/data/processed/dataset_2048x1500_webp/images_og/Image_7165.webp,/workspace/pico-algae/data/processed/dataset_2048x1500_webp/images_red/Image_7165.webp,/workspace/pico-algae/data/processed/dataset_2048x1500_webp/labels/Image_7165.txt,2048,1500,72,img_float = img_uint8/255.0
Image_7167,/workspace/pico-algae/data/processed/dataset_2048x1500_webp/images_og/Image_7167.webp,/workspace/pico-algae/data/processed/dataset_2048x1500_webp/images_red/Image_7167.webp,/workspace/pico-algae/data/processed/dataset_2048x1500_webp/labels/Image_7167.txt,2048,1500,35,img_float = img_uint8/255.0
Image_7169,/workspace/pico-algae/data/processed/dataset_2048x1500_webp/images_og/Image_7169.webp,/workspace/pico-algae/data/processed/dataset_2048x1500_webp/images_red/Image_7169.webp,/workspace/pico-algae/data/processed/dataset_2048x1500_webp/labels/Image_7169.txt,2048,1500,54,img_float = img_uint8/255.0
Image_7171,/workspace/pico-algae/data/processed/dataset_2048x1500_webp/images_og/Image_7171.webp,/workspace/pico-algae/data/processed/dataset_2048x1500_webp/images_red/Image_7171.webp,/workspace/pico-algae/data/processed/dataset_2048x1500_webp/labels/Image_7171.txt,2048,1500,107,img_float = img_uint8/255.0
Image_7183,/workspace/pico-algae/data/processed/dataset_2048x1500_webp/images_og/Image_7183.webp,/workspace/pico-algae/data/processed/dataset_2048x1500_webp/images_red/Image_7183.webp,/workspace/pico-algae/data/processed/dataset_2048x1500_webp/labels/Image_7183.txt,2048,1500,80,img_float = img_uint8/255.0
Image_7185,/workspace/pico-algae/data/processed/dataset_2048x1500_webp/images_og/Image_7185.webp,/workspace/pico-algae/data/processed/dataset_2048x1500_webp/images_red/Image_7185.webp,/workspace/pico-algae/data/processed/dataset_2048x1500_webp/labels/Image_7185.txt,2048,1500,95,img_float = img_uint8/255.0
Image_7187,/workspace/pico-algae/data/processed/dataset_2048x1500_webp/images_og/Image_7187.webp,/workspace/pico-algae/data/processed/dataset_2048x1500_webp/images_red/Image_7187.webp,/workspace/pico-algae/data/processed/dataset_2048x1500_webp/labels/Image_7187.txt,2048,1500,73,img_float = img_uint8/255.0
Image_7189,/workspace/pico-algae/data/processed/dataset_2048x1500_webp/images_og/Image_7189.webp,/workspace/pico-algae/data/processed/dataset_2048x1500_webp/images_red/Image_7189.webp,/workspace/pico-algae/data/processed/dataset_2048x1500_webp/labels/Image_7189.txt,2048,1500,92,img_float = img_uint8/255.0
Image_7191,/workspace/pico-algae/data/processed/dataset_2048x1500_webp/images_og/Image_7191.webp,/workspace/pico-algae/data/processed/dataset_2048x1500_webp/images_red/Image_7191.webp,/workspace/pico-algae/data/processed/dataset_2048x1500_webp/labels/Image_7191.txt,2048,1500,52,img_float = img_uint8/255.0
Image_7193,/workspace/pico-algae/data/processed/dataset_2048x1500_webp/images_og/Image_7193.webp,/workspace/pico-algae/data/processed/dataset_2048x1500_webp/images_red/Image_7193.webp,/workspace/pico-algae/data/processed/dataset_2048x1500_webp/labels/Image_7193.txt,2048,1500,72,img_float = img_uint8/255.0
Image_7195,/workspace/pico-algae/data/processed/dataset_2048x1500_webp/images_og/Image_7195.webp,/workspace/pico-algae/data/processed/dataset_2048x1500_webp/images_red/Image_7195.webp,/workspace/pico-algae/data/processed/dataset_2048x1500_webp/labels/Image_7195.txt,2048,1500,57,img_float = img_uint8/255.0
Image_7197,/workspace/pico-algae/data/processed/dataset_2048x1500_webp/images_og/Image_7197.webp,/workspace/pico-algae/data/processed/dataset_2048x1500_webp/images_red/Image_7197.webp,/workspace/pico-algae/data/processed/dataset_2048x1500_webp/labels/Image_7197.txt,2048,1500,90,img_float = img_uint8/255.0
Image_7199,/workspace/pico-algae/data/processed/dataset_2048x1500_webp/images_og/Image_7199.webp,/workspace/pico-algae/data/processed/dataset_2048x1500_webp/images_red/Image_7199.webp,/workspace/pico-algae/data/processed/dataset_2048x1500_webp/labels/Image_7199.txt,2048,1500,79,img_float = img_uint8/255.0
Image_7201,/workspace/pico-algae/data/processed/dataset_2048x1500_webp/images_og/Image_7201.webp,/workspace/pico-algae/data/processed/dataset_2048x1500_webp/images_red/Image_7201.webp,/workspace/pico-algae/data/processed/dataset_2048x1500_webp/labels/Image_7201.txt,2048,1500,115,img_float = img_uint8/255.0
Image_7203,/workspace/pico-algae/data/processed/dataset_2048x1500_webp/images_og/Image_7203.webp,/workspace/pico-algae/data/processed/dataset_2048x1500_webp/images_red/Image_7203.webp,/workspace/pico-algae/data/processed/dataset_2048x1500_webp/labels/Image_7203.txt,2048,1500,62,img_float = img_uint8/255.0
Image_7205,/workspace/pico-algae/data/processed/dataset_2048x1500_webp/images_og/Image_7205.webp,/workspace/pico-algae/data/processed/dataset_2048x1500_webp/images_red/Image_7205.webp,/workspace/pico-algae/data/processed/dataset_2048x1500_webp/labels/Image_7205.txt,2048,1500,50,img_float = img_uint8/255.0
Image_7207,/workspace/pico-algae/data/processed/dataset_2048x1500_webp/images_og/Image_7207.webp,/workspace/pico-algae/data/processed/dataset_2048x1500_webp/images_red/Image_7207.webp,/workspace/pico-algae/data/processed/dataset_2048x1500_webp/labels/Image_7207.txt,2048,1500,53,img_float = img_uint8/255.0
Image_7211,/workspace/pico-algae/data/processed/dataset_2048x1500_webp/images_og/Image_7211.webp,/workspace/pico-algae/data/processed/dataset_2048x1500_webp/images_red/Image_7211.webp,/workspace/pico-algae/data/processed/dataset_2048x1500_webp/labels/Image_7211.txt,2048,1500,71,img_float = img_uint8/255.0
Image_7217,/workspace/pico-algae/data/processed/dataset_2048x1500_webp/images_og/Image_7217.webp,/workspace/pico-algae/data/processed/dataset_2048x1500_webp/images_red/Image_7217.webp,/workspace/pico-algae/data/processed/dataset_2048x1500_webp/labels/Image_7217.txt,2048,1500,69,img_float = img_uint8/255.0
Image_7485,/workspace/pico-algae/data/processed/dataset_2048x1500_webp/images_og/Image_7485.webp,/workspace/pico-algae/data/processed/dataset_2048x1500_webp/images_red/Image_7485.webp,/workspace/pico-algae/data/processed/dataset_2048x1500_webp/labels/Image_7485.txt,2048,1500,76,img_float = img_uint8/255.0
Image_7489,/workspace/pico-algae/data/processed/dataset_2048x1500_webp/images_og/Image_7489.webp,/workspace/pico-algae/data/processed/dataset_2048x1500_webp/images_red/Image_7489.webp,/workspace/pico-algae/data/processed/dataset_2048x1500_webp/labels/Image_7489.txt,2048,1500,89,img_float = img_uint8/255.0
Image_7493,/workspace/pico-algae/data/processed/dataset_2048x1500_webp/images_og/Image_7493.webp,/workspace/pico-algae/data/processed/dataset_2048x1500_webp/images_red/Image_7493.webp,/workspace/pico-algae/data/processed/dataset_2048x1500_webp/labels/Image_7493.txt,2048,1500,60,img_float = img_uint8/255.0
Image_7497,/workspace/pico-algae/data/processed/dataset_2048x1500_webp/images_og/Image_7497.webp,/workspace/pico-algae/data/processed/dataset_2048x1500_webp/images_red/Image_7497.webp,/workspace/pico-algae/data/processed/dataset_2048x1500_webp/labels/Image_7497.txt,2048,1500,76,img_float = img_uint8/255.0
